{
  "database": "CoREMOF 2014",
  "total_mofs": 4764,
  "avg_void_fraction": 0.4237273741120906,
  "min_void_fraction": 0.00111257,
  "max_void_fraction": 0.965423,
  "avg_surface_area": 827.192712153653,
  "high_porosity_count": 1752,
  "high_porosity_percentage": 36.78
}