{
  "database": "CoREMOF 2019",
  "total_mofs": 12020,
  "avg_void_fraction": 0.5516839267886866,
  "min_void_fraction": 0.1584,
  "max_void_fraction": 0.9694,
  "avg_surface_area": 1189.7486539943425,
  "high_porosity_count": 7494,
  "high_porosity_percentage": 62.35
}